video,duration_s,cascade_latency_s,cascade_cost_usd,adaframe_frames,uniform_frames,vlm_cost_adaframe,vlm_cost_uniform,total_adaframe,total_uniform,net_saving_usd,saving_pct
-U3LjDN8ErI.mp4,20.0,38.36,0.005328,18,20,0.207,0.23,0.2123,0.23,0.0177,7.7
-DFuMqROFCQ.mp4,32.9,54.0,0.007499,10,32,0.115,0.368,0.1225,0.368,0.2455,66.7
-KSKkmypTZM.mp4,16.7,59.1,0.008209,4,16,0.046,0.184,0.0542,0.184,0.1298,70.5
-1yXdOufzKE.mp4,30.0,66.28,0.009205,9,29,0.1035,0.3335,0.1127,0.3335,0.2208,66.2
-XidtaAetyQ.mp4,17.0,51.88,0.007205,5,17,0.0575,0.1955,0.0647,0.1955,0.1308,66.9
-VmCOAGhHkM.mp4,86.8,142.08,0.019734,12,86,0.138,0.989,0.1577,0.989,0.8313,84.1
-UGQp9pfU_Q.mp4,69.5,157.01,0.021807,44,69,0.506,0.7935,0.5278,0.7935,0.2657,33.5
-HWd3Nqu8_0.mp4,60.1,210.94,0.029297,40,60,0.46,0.69,0.4893,0.69,0.2007,29.1
-XzQcpcgCKY.mp4,28.3,97.97,0.013607,31,28,0.3565,0.322,0.3701,0.322,-0.0481,-14.9
-aR3Gpsn4v4.mp4,30.7,20.9,0.002903,5,30,0.0575,0.345,0.0604,0.345,0.2846,82.5
-5X2kzIDroA.mp4,60.1,225.97,0.031385,41,60,0.4715,0.69,0.5029,0.69,0.1871,27.1
-c7Ca2CY6x8.mp4,39.2,23.49,0.003263,12,39,0.138,0.4485,0.1413,0.4485,0.3072,68.5
-iKqr230U9M.mp4,22.0,19.09,0.002651,5,21,0.0575,0.2415,0.0602,0.2415,0.1813,75.1
-kwRrnS5vV4.mp4,20.4,30.26,0.004203,14,20,0.161,0.23,0.1652,0.23,0.0648,28.2
-ijH3cRJ1BY.mp4,30.2,37.84,0.005255,23,30,0.2645,0.345,0.2698,0.345,0.0752,21.8
-5zYYZpuTbU.mp4,32.7,262.79,0.036499,24,32,0.276,0.368,0.3125,0.368,0.0555,15.1
-g8vTq06KUI.mp4,20.2,54.42,0.007558,17,20,0.1955,0.23,0.2031,0.23,0.0269,11.7
-usbQDfTIqE.mp4,30.1,39.57,0.005496,12,30,0.138,0.345,0.1435,0.345,0.2015,58.4
-rYZwYEpCds.mp4,48.5,77.92,0.010822,18,48,0.207,0.552,0.2178,0.552,0.3342,60.5
-nYhixp7bXI.mp4,30.0,87.44,0.012144,22,30,0.253,0.345,0.2651,0.345,0.0799,23.1
0A43tb18T8Y.mp4,31.9,68.39,0.009498,24,31,0.276,0.3565,0.2855,0.3565,0.071,19.9
-xK80YG33q0.mp4,51.1,141.51,0.019654,11,51,0.1265,0.5865,0.1462,0.5865,0.4403,75.1
08ySTcxh_cU.mp4,32.5,104.5,0.014514,20,32,0.23,0.368,0.2445,0.368,0.1235,33.6
-wXjs6DXoeY.mp4,79.7,186.74,0.025936,17,79,0.1955,0.9085,0.2214,0.9085,0.6871,75.6
0B79RkBxSgU.mp4,30.9,83.07,0.011537,24,30,0.276,0.345,0.2875,0.345,0.0575,16.7
0AHGLGQgAn8.mp4,30.1,126.59,0.017581,20,30,0.23,0.345,0.2476,0.345,0.0974,28.2
064ipuBiWDg.mp4,78.6,247.11,0.034321,26,78,0.299,0.897,0.3333,0.897,0.5637,62.8
07i6PO1gP10.mp4,78.5,255.3,0.035459,21,78,0.2415,0.897,0.277,0.897,0.62,69.1
0-U4Yr9UNBo.mp4,60.2,272.62,0.037863,43,60,0.4945,0.69,0.5324,0.69,0.1576,22.8
0P3A6V_sDSI.mp4,32.0,54.33,0.007546,19,32,0.2185,0.368,0.226,0.368,0.142,38.6
0gYBy1rECII.mp4,15.0,35.52,0.004934,3,15,0.0345,0.1725,0.0394,0.1725,0.1331,77.1
0UoJyED73bQ.mp4,60.1,103.29,0.014346,19,60,0.2185,0.69,0.2328,0.69,0.4572,66.3
0G7g9lw20l4.mp4,59.7,201.93,0.028046,33,59,0.3795,0.6785,0.4075,0.6785,0.271,39.9
-GXvYexMoZY.mp4,90.3,647.17,0.089884,81,90,0.9315,1.035,1.0214,1.035,0.0136,1.3
0eN9KP6lOZs.mp4,60.3,105.31,0.014627,59,60,0.6785,0.69,0.6931,0.69,-0.0031,-0.5
0cP-qr1JUBI.mp4,94.6,130.53,0.018129,74,94,0.851,1.081,0.8691,1.081,0.2119,19.6
0rFt8QE4lkQ.mp4,17.0,29.1,0.004042,10,16,0.115,0.184,0.119,0.184,0.065,35.3
0jBFyck8J5A.mp4,30.0,42.14,0.005853,8,30,0.092,0.345,0.0979,0.345,0.2471,71.6
0tteHhYh9rU.mp4,40.0,32.26,0.00448,16,40,0.184,0.46,0.1885,0.46,0.2715,59.0
0gjRzLqXijQ.mp4,35.5,88.71,0.012321,27,35,0.3105,0.4025,0.3228,0.4025,0.0797,19.8
14X98i8psts.mp4,15.1,33.25,0.004619,6,15,0.069,0.1725,0.0736,0.1725,0.0989,57.3
0A_35Z4eQfg.mp4,51.1,320.95,0.044576,43,51,0.4945,0.5865,0.5391,0.5865,0.0474,8.1
19EW551nCS4.mp4,30.2,66.73,0.009268,12,30,0.138,0.345,0.1473,0.345,0.1977,57.3
111MTs7MGuw.mp4,62.1,134.6,0.018694,9,62,0.1035,0.713,0.1222,0.713,0.5908,82.9
17j5QzF3kqE.mp4,71.4,150.04,0.020839,12,71,0.138,0.8165,0.1588,0.8165,0.6577,80.5
1DHo8fYFsd0.mp4,30.0,154.4,0.021444,22,30,0.253,0.345,0.2744,0.345,0.0706,20.5
1GvKSd5g8eA.mp4,15.0,42.76,0.005939,9,15,0.1035,0.1725,0.1094,0.1725,0.0631,36.6
0ji_-OJlVbI.mp4,109.1,247.17,0.034329,52,109,0.598,1.2535,0.6323,1.2535,0.6212,49.6
1SlSxuhLJVE.mp4,39.7,33.26,0.004619,10,39,0.115,0.4485,0.1196,0.4485,0.3289,73.3
1KkVdbUr250.mp4,15.0,51.61,0.007168,8,15,0.092,0.1725,0.0992,0.1725,0.0733,42.5
0QkZL3l1t-w.mp4,109.4,423.56,0.058828,83,109,0.9545,1.2535,1.0133,1.2535,0.2402,19.2
1AIDh3-sGW0.mp4,105.1,311.82,0.043308,31,105,0.3565,1.2075,0.3998,1.2075,0.8077,66.9
1Fki1SJ17kQ.mp4,90.2,214.44,0.029783,48,90,0.552,1.035,0.5818,1.035,0.4532,43.8
1Pahqq-1hp0.mp4,59.8,155.65,0.021619,37,59,0.4255,0.6785,0.4471,0.6785,0.2314,34.1
1TS0yS0sUaM.mp4,73.7,148.84,0.020673,47,73,0.5405,0.8395,0.5612,0.8395,0.2783,33.2
1WlRcXIO5ik.mp4,60.0,114.25,0.015868,59,59,0.6785,0.6785,0.6944,0.6785,-0.0159,-2.3
1USbTGYv9ZM.mp4,97.1,133.67,0.018565,10,97,0.115,1.1155,0.1336,1.1155,0.9819,88.0
1dc1eKHgy_o.mp4,30.2,31.66,0.004397,12,30,0.138,0.345,0.1424,0.345,0.2026,58.7
1fqAvkpW5yY.mp4,15.0,48.2,0.006694,10,15,0.115,0.1725,0.1217,0.1725,0.0508,29.5
1sElYG7LmUU.mp4,90.0,28.36,0.003938,10,90,0.115,1.035,0.1189,1.035,0.9161,88.5
1qB0lb401ZU.mp4,56.0,42.58,0.005913,15,55,0.1725,0.6325,0.1784,0.6325,0.4541,71.8
1j6YA03hm4k.mp4,31.7,59.55,0.008271,27,31,0.3105,0.3565,0.3188,0.3565,0.0377,10.6
1vtcf13zT08.mp4,30.0,17.0,0.002362,5,30,0.0575,0.345,0.0599,0.345,0.2851,82.6
23kdGfzDaCs.mp4,15.1,26.53,0.003685,13,15,0.1495,0.1725,0.1532,0.1725,0.0193,11.2
1KPPtmE079M.mp4,61.4,268.27,0.037259,48,61,0.552,0.7015,0.5893,0.7015,0.1122,16.0
1Yq6W7YAHM4.mp4,80.5,107.27,0.014898,31,80,0.3565,0.92,0.3714,0.92,0.5486,59.6
28pbk_cQx-w.mp4,45.0,36.52,0.005072,12,45,0.138,0.5175,0.1431,0.5175,0.3744,72.4
1krJqn3smbI.mp4,68.2,121.37,0.016857,44,68,0.506,0.782,0.5229,0.782,0.2591,33.1
29GrCUTdu3A.mp4,45.1,52.23,0.007254,33,45,0.3795,0.5175,0.3868,0.5175,0.1307,25.3
1w1myYavVsE.mp4,43.3,92.01,0.012779,4,43,0.046,0.4945,0.0588,0.4945,0.4357,88.1
2G0loI0Jn5M.mp4,30.4,33.99,0.004722,8,30,0.092,0.345,0.0967,0.345,0.2483,72.0
2MwarUSvaLM.mp4,31.8,21.01,0.002917,5,31,0.0575,0.3565,0.0604,0.3565,0.2961,83.1
2Dq2-98HliQ.mp4,30.1,49.09,0.006819,19,30,0.2185,0.345,0.2253,0.345,0.1197,34.7
1u28Z6RM-FY.mp4,69.0,127.72,0.017739,30,68,0.345,0.782,0.3627,0.782,0.4193,53.6
2S2VUCdbhg0.mp4,30.6,20.34,0.002826,8,30,0.092,0.345,0.0948,0.345,0.2502,72.5
2Jhrr4RRywE.mp4,30.0,66.03,0.009171,31,30,0.3565,0.345,0.3657,0.345,-0.0207,-6.0
287EUNf3yAk.mp4,30.0,132.04,0.018339,24,30,0.276,0.345,0.2943,0.345,0.0507,14.7
2RHEjneBRak.mp4,36.0,37.5,0.005208,18,35,0.207,0.4025,0.2122,0.4025,0.1903,47.3
2_M0SDk3ZaM.mp4,40.0,23.3,0.003237,11,40,0.1265,0.46,0.1297,0.46,0.3303,71.8
2evNRe8LF_o.mp4,20.0,25.74,0.003575,12,20,0.138,0.23,0.1416,0.23,0.0884,38.4
2T-AxWMZBfU.mp4,45.2,57.82,0.008031,25,45,0.2875,0.5175,0.2955,0.5175,0.222,42.9
2j4RF6cx0SY.mp4,30.0,54.27,0.007538,6,30,0.069,0.345,0.0765,0.345,0.2685,77.8
2o1TA0PG6pA.mp4,15.0,53.41,0.007418,8,15,0.092,0.1725,0.0994,0.1725,0.0731,42.4
1XLyCDsKhGo.mp4,60.9,375.28,0.052122,50,60,0.575,0.69,0.6271,0.69,0.0629,9.1
2qS1ZSqwIgM.mp4,30.0,67.28,0.009345,25,29,0.2875,0.3335,0.2968,0.3335,0.0367,11.0
2v7lsnPvgtI.mp4,30.0,48.6,0.00675,8,30,0.092,0.345,0.0988,0.345,0.2462,71.4
2ywv_JCyolU.mp4,30.8,39.27,0.005454,11,30,0.1265,0.345,0.132,0.345,0.213,61.8
2VgiVK_hOhM.mp4,29.3,141.79,0.019693,24,29,0.276,0.3335,0.2957,0.3335,0.0378,11.3
2fQUYCPe3Cs.mp4,61.0,134.95,0.018743,9,60,0.1035,0.69,0.1222,0.69,0.5678,82.3
31pEZWaIhr0.mp4,31.3,30.33,0.004213,20,31,0.23,0.3565,0.2342,0.3565,0.1223,34.3
377kVIgBOJQ.mp4,30.5,24.2,0.003362,14,30,0.161,0.345,0.1644,0.345,0.1806,52.4
2qdW7ramMr4.mp4,107.9,139.99,0.019443,41,107,0.4715,1.2305,0.4909,1.2305,0.7396,60.1
2uT9fjUmm-M.mp4,64.0,127.18,0.017664,62,64,0.713,0.736,0.7307,0.736,0.0053,0.7
3FtNm9CgA6U.mp4,14.9,30.77,0.004273,4,14,0.046,0.161,0.0503,0.161,0.1107,68.8
39RQH0mpsVQ.mp4,51.7,50.58,0.007025,37,51,0.4255,0.5865,0.4325,0.5865,0.154,26.3
3KHSWaEamQc.mp4,15.0,36.31,0.005042,10,15,0.115,0.1725,0.12,0.1725,0.0525,30.4
2yO4-Oh-JP4.mp4,50.0,153.49,0.021319,48,49,0.552,0.5635,0.5733,0.5635,-0.0098,-1.7
3UOGKO7tM34.mp4,59.9,64.1,0.008903,19,59,0.2185,0.6785,0.2274,0.6785,0.4511,66.5
3d5id_cwHUM.mp4,21.0,52.14,0.007241,13,20,0.1495,0.23,0.1567,0.23,0.0733,31.9
3CJ-7R2g3NE.mp4,71.9,143.78,0.019969,43,71,0.4945,0.8165,0.5145,0.8165,0.302,37.0
3JsyhaGHq_E.mp4,48.0,128.43,0.017838,23,48,0.2645,0.552,0.2823,0.552,0.2697,48.9
3iHP5bBWFrw.mp4,15.6,42.65,0.005924,8,15,0.092,0.1725,0.0979,0.1725,0.0746,43.2
36CSS3UIzxk.mp4,30.0,182.44,0.025339,25,30,0.2875,0.345,0.3128,0.345,0.0322,9.3
3quMz-EAThw.mp4,65.3,36.91,0.005126,3,65,0.0345,0.7475,0.0396,0.7475,0.7079,94.7
3pNGO5ppfQ8.mp4,59.7,52.15,0.007243,10,59,0.115,0.6785,0.1222,0.6785,0.5563,82.0
3mmu60CNl0Y.mp4,63.4,74.5,0.010348,28,63,0.322,0.7245,0.3323,0.7245,0.3922,54.1
3KyvlMJefR4.mp4,79.6,183.89,0.02554,30,79,0.345,0.9085,0.3705,0.9085,0.538,59.2
3vaDzDzRH_c.mp4,65.1,78.88,0.010956,16,65,0.184,0.7475,0.195,0.7475,0.5525,73.9
3_1LKqsFguE.mp4,103.6,180.66,0.025092,22,103,0.253,1.1845,0.2781,1.1845,0.9064,76.5
44e-Y08_B-0.mp4,29.9,66.48,0.009233,12,29,0.138,0.3335,0.1472,0.3335,0.1863,55.9
3zCtPnz-Bxk.mp4,42.7,129.11,0.017932,28,42,0.322,0.483,0.3399,0.483,0.1431,29.6
40qofTTQJDU.mp4,51.2,124.11,0.017238,12,51,0.138,0.5865,0.1552,0.5865,0.4313,73.5
487-TyrRkfE.mp4,30.1,122.36,0.016995,33,30,0.3795,0.345,0.3965,0.345,-0.0515,-14.9
4F-fzXW1xUM.mp4,60.0,126.44,0.017561,43,60,0.4945,0.69,0.5121,0.69,0.1779,25.8
4IaDS9MpzH0.mp4,32.9,64.04,0.008895,22,32,0.253,0.368,0.2619,0.368,0.1061,28.8
3wC7XjH-pTQ.mp4,89.9,252.39,0.035055,18,89,0.207,1.0235,0.2421,1.0235,0.7814,76.4
4FLEzXhWQ6g.mp4,49.3,151.46,0.021036,14,49,0.161,0.5635,0.182,0.5635,0.3815,67.7
4X4MwbVf5OA.mp4,29.9,30.19,0.004193,10,29,0.115,0.3335,0.1192,0.3335,0.2143,64.3
4KKgR5YWmYg.mp4,86.0,102.74,0.01427,20,85,0.23,0.9775,0.2443,0.9775,0.7332,75.0
4XQ7x7c2hkQ.mp4,50.4,27.18,0.003775,21,50,0.2415,0.575,0.2453,0.575,0.3297,57.3
4Vn3mLIlqp4.mp4,60.7,97.47,0.013538,30,60,0.345,0.69,0.3585,0.69,0.3315,48.0
4a5fS0F6LLA.mp4,45.0,37.91,0.005265,29,45,0.3335,0.5175,0.3388,0.5175,0.1787,34.5
4JhzwNuo75M.mp4,62.0,170.12,0.023628,38,62,0.437,0.713,0.4606,0.713,0.2524,35.4
4Krky4i6Xk8.mp4,60.2,117.53,0.016323,45,60,0.5175,0.69,0.5338,0.69,0.1562,22.6
2Md5lPyuvsk.mp4,91.9,721.07,0.100148,81,91,0.9315,1.0465,1.0316,1.0465,0.0149,1.4
48zAauZBi58.mp4,115.2,302.6,0.042028,36,115,0.414,1.3225,0.456,1.3225,0.8665,65.5
4_IbqebS7hQ.mp4,40.3,114.01,0.015835,47,40,0.5405,0.46,0.5563,0.46,-0.0963,-20.9
4pcO7_S2WQs.mp4,43.5,54.37,0.007552,20,43,0.23,0.4945,0.2376,0.4945,0.2569,52.0
4u_Ed0Bh-s0.mp4,29.0,35.62,0.004947,16,29,0.184,0.3335,0.1889,0.3335,0.1446,43.3
4hScgyXu_9c.mp4,30.1,143.64,0.019951,24,30,0.276,0.345,0.296,0.345,0.049,14.2
4hN0ai9WzBQ.mp4,62.3,214.09,0.029735,21,62,0.2415,0.713,0.2712,0.713,0.4418,62.0
4va3G-CNNUo.mp4,30.1,114.27,0.015871,17,30,0.1955,0.345,0.2114,0.345,0.1336,38.7
54WiJFln6I0.mp4,60.0,215.71,0.02996,56,60,0.644,0.69,0.674,0.69,0.016,2.3
4b9Ji7DvsjU.mp4,90.3,389.83,0.054143,26,90,0.299,1.035,0.3531,1.035,0.6819,65.9
4c43WKFcn4c.mp4,60.6,390.74,0.054269,51,60,0.5865,0.69,0.6408,0.69,0.0492,7.1
58ldzvk0t50.mp4,92.7,186.6,0.025917,20,92,0.23,1.058,0.2559,1.058,0.8021,75.8
5CaMUfxVJVQ.mp4,59.7,59.65,0.008285,18,59,0.207,0.6785,0.2153,0.6785,0.4632,68.3
4k0AGQyMbFE.mp4,118.1,433.22,0.06017,47,118,0.5405,1.357,0.6007,1.357,0.7563,55.7
5JLBU-QQpoo.mp4,78.3,39.33,0.005462,8,78,0.092,0.897,0.0975,0.897,0.7995,89.1
5JuVHCJVYf4.mp4,30.0,33.94,0.004713,9,30,0.1035,0.345,0.1082,0.345,0.2368,68.6
5DCow4J-pDE.mp4,60.1,98.2,0.013638,38,60,0.437,0.69,0.4506,0.69,0.2394,34.7
4vGcH0Bk3hg.mp4,106.3,405.89,0.056373,38,106,0.437,1.219,0.4934,1.219,0.7256,59.5
5UzfYJ-mkzc.mp4,30.0,41.47,0.00576,12,30,0.138,0.345,0.1438,0.345,0.2012,58.3
5Ea5lKyWxGc.mp4,66.0,142.11,0.019737,18,65,0.207,0.7475,0.2267,0.7475,0.5208,69.7
5AaacAMljG8.mp4,60.1,330.16,0.045856,46,60,0.529,0.69,0.5749,0.69,0.1151,16.7
5gKjLV2wKmg.mp4,30.7,47.86,0.006647,18,30,0.207,0.345,0.2136,0.345,0.1314,38.1
5W4MYJt8c4w.mp4,30.8,103.15,0.014327,25,30,0.2875,0.345,0.3018,0.345,0.0432,12.5
5J58i_qbQxY.mp4,60.0,207.4,0.028805,24,60,0.276,0.69,0.3048,0.69,0.3852,55.8
5lAf59TrJ4I.mp4,76.9,120.26,0.016703,30,76,0.345,0.874,0.3617,0.874,0.5123,58.6
60ewmq3ui7A.mp4,17.1,51.6,0.007166,19,17,0.2185,0.1955,0.2257,0.1955,-0.0302,-15.4
64G5FfG2Xpg.mp4,82.0,101.7,0.014126,10,81,0.115,0.9315,0.1291,0.9315,0.8024,86.1
5VPFKnBYOSI.mp4,62.1,241.13,0.03349,75,62,0.8625,0.713,0.896,0.713,-0.183,-25.7
6-BPFPwv8RQ.mp4,63.8,136.38,0.018941,23,63,0.2645,0.7245,0.2834,0.7245,0.4411,60.9
5o9Dp6D91fI.mp4,113.5,172.32,0.023934,32,113,0.368,1.2995,0.3919,1.2995,0.9076,69.8
694TX2lQ7Uo.mp4,31.8,75.26,0.010452,15,31,0.1725,0.3565,0.183,0.3565,0.1735,48.7
6AOvnPY_d-U.mp4,35.0,25.05,0.003479,13,35,0.1495,0.4025,0.153,0.4025,0.2495,62.0
6AR0xq6g5Uo.mp4,14.9,45.38,0.006303,14,14,0.161,0.161,0.1673,0.161,-0.0063,-3.9
5R8euGTHBR8.mp4,83.3,323.4,0.044916,49,83,0.5635,0.9545,0.6084,0.9545,0.3461,36.3
69MpLiYhsXw.mp4,60.0,64.67,0.008982,30,60,0.345,0.69,0.354,0.69,0.336,48.7
6T2olgjnDWY.mp4,30.1,25.36,0.003523,15,30,0.1725,0.345,0.176,0.345,0.169,49.0
6Obj5eoSpu8.mp4,29.6,29.66,0.004119,6,29,0.069,0.3335,0.0731,0.3335,0.2604,78.1
6bJOIqVAD-s.mp4,30.0,28.96,0.004023,7,29,0.0805,0.3335,0.0845,0.3335,0.249,74.7
6PKAv5OPf40.mp4,15.4,32.77,0.004551,13,15,0.1495,0.1725,0.1541,0.1725,0.0184,10.7
67jh16fASvI.mp4,98.1,173.5,0.024098,39,98,0.4485,1.127,0.4726,1.127,0.6544,58.1
6dwjoUYvHs8.mp4,32.0,35.63,0.004949,10,31,0.115,0.3565,0.1199,0.3565,0.2366,66.4
6iQ7ZDUutU4.mp4,62.8,47.05,0.006535,23,62,0.2645,0.713,0.271,0.713,0.442,62.0
6kYqjTA_VEg.mp4,47.2,36.41,0.005058,17,47,0.1955,0.5405,0.2006,0.5405,0.3399,62.9
6h3G-lMZxjo.mp4,74.1,79.67,0.011066,29,74,0.3335,0.851,0.3446,0.851,0.5064,59.5
6e3z2H1O5zE.mp4,120.1,84.95,0.011798,36,120,0.414,1.38,0.4258,1.38,0.9542,69.1
6FSOKnW9BLI.mp4,120.2,171.94,0.02388,52,120,0.598,1.38,0.6219,1.38,0.7581,54.9
6uLBrg6ai0c.mp4,20.0,60.48,0.0084,8,19,0.092,0.2185,0.1004,0.2185,0.1181,54.1
7-OnEe-dauE.mp4,30.3,33.24,0.004617,10,30,0.115,0.345,0.1196,0.345,0.2254,65.3
6uhCxBk6cQE.mp4,66.4,61.95,0.008604,13,66,0.1495,0.759,0.1581,0.759,0.6009,79.2
7Ac2cZPOD00.mp4,30.8,34.98,0.004859,9,30,0.1035,0.345,0.1084,0.345,0.2366,68.6
6xy_lt-Z5b0.mp4,46.3,100.32,0.013933,42,46,0.483,0.529,0.4969,0.529,0.0321,6.1
6jyAEqhfHTE.mp4,100.0,181.15,0.02516,32,100,0.368,1.15,0.3932,1.15,0.7568,65.8
7Cqz-S8Phv8.mp4,30.0,31.38,0.004358,14,30,0.161,0.345,0.1654,0.345,0.1796,52.1
7ClI2bp__Bs.mp4,30.0,56.56,0.007856,28,30,0.322,0.345,0.3299,0.345,0.0151,4.4
7Guufs3mdgg.mp4,39.9,14.77,0.002051,2,39,0.023,0.4485,0.0251,0.4485,0.4234,94.4
7GKuZu9xkj0.mp4,30.0,55.7,0.007736,21,30,0.2415,0.345,0.2492,0.345,0.0958,27.8
7AuhjzxAudY.mp4,46.3,121.08,0.016816,22,46,0.253,0.529,0.2698,0.529,0.2592,49.0
7MJu_aWn1nI.mp4,14.6,14.79,0.002055,3,14,0.0345,0.161,0.0366,0.161,0.1244,77.3
7Kb3rDbBWEI.mp4,20.3,31.64,0.004395,6,20,0.069,0.23,0.0734,0.23,0.1566,68.1
6kkeGgRG-uE.mp4,102.2,260.43,0.036171,61,102,0.7015,1.173,0.7377,1.173,0.4353,37.1
6CbQOLqZ8IA.mp4,62.6,395.57,0.05494,52,62,0.598,0.713,0.6529,0.713,0.0601,8.4
6-2L4PTV14A.mp4,106.4,605.4,0.084083,76,106,0.874,1.219,0.9581,1.219,0.2609,21.4
7UjqLfjsfMk.mp4,30.0,58.33,0.008102,11,29,0.1265,0.3335,0.1346,0.3335,0.1989,59.6
7T3J4n_PJaI.mp4,82.0,83.5,0.011597,14,82,0.161,0.943,0.1726,0.943,0.7704,81.7
7N9HoLhZGsU.mp4,30.0,109.81,0.015251,37,30,0.4255,0.345,0.4408,0.345,-0.0958,-27.8
7X_6k8CjdVI.mp4,30.0,57.91,0.008043,6,30,0.069,0.345,0.077,0.345,0.268,77.7
7_dgiNoBWio.mp4,63.3,32.61,0.00453,12,63,0.138,0.7245,0.1425,0.7245,0.582,80.3
7AVmI73va4g.mp4,91.3,351.37,0.048802,55,91,0.6325,1.0465,0.6813,1.0465,0.3652,34.9
7ZbLntTvV8o.mp4,31.1,108.23,0.015031,30,31,0.345,0.3565,0.36,0.3565,-0.0035,-1.0
7b8zeykara0.mp4,20.1,27.87,0.00387,16,20,0.184,0.23,0.1879,0.23,0.0421,18.3
7QBgCfKfXqQ.mp4,119.1,206.0,0.028611,27,119,0.3105,1.3685,0.3391,1.3685,1.0294,75.2
7VCYBtx6h4g.mp4,29.8,196.2,0.02725,12,29,0.138,0.3335,0.1652,0.3335,0.1683,50.4
7b5CKSqlz60.mp4,59.9,86.3,0.011986,26,59,0.299,0.6785,0.311,0.6785,0.3675,54.2
7Ol2HYCnVbs.mp4,61.1,226.11,0.031404,41,61,0.4715,0.7015,0.5029,0.7015,0.1986,28.3
7gMZ62PsvRM.mp4,30.8,63.27,0.008788,35,30,0.4025,0.345,0.4113,0.345,-0.0663,-19.2
7is6r6zXFDc.mp4,63.3,83.89,0.011651,12,63,0.138,0.7245,0.1497,0.7245,0.5748,79.3
7ks-zhWCA_Q.mp4,15.0,79.01,0.010973,15,15,0.1725,0.1725,0.1835,0.1725,-0.011,-6.4
7pi6BtYXD1w.mp4,45.0,58.48,0.008122,21,45,0.2415,0.5175,0.2496,0.5175,0.2679,51.8
7iCXk67TIB0.mp4,48.0,112.78,0.015664,38,48,0.437,0.552,0.4527,0.552,0.0993,18.0
7vCet60rr_s.mp4,33.4,41.42,0.005753,15,33,0.1725,0.3795,0.1783,0.3795,0.2012,53.0
7sVGB2_zARY.mp4,45.0,84.07,0.011677,39,44,0.4485,0.506,0.4602,0.506,0.0458,9.1
7kxXVnAtnOQ.mp4,60.0,175.24,0.024339,43,59,0.4945,0.6785,0.5188,0.6785,0.1597,23.5
7nr-irGW9bw.mp4,106.4,168.36,0.023383,31,106,0.3565,1.219,0.3799,1.219,0.8391,68.8
82kYQ7j7X2s.mp4,62.0,33.55,0.004659,17,62,0.1955,0.713,0.2002,0.713,0.5128,71.9
7w_AT2sHBss.mp4,31.3,73.51,0.010209,27,31,0.3105,0.3565,0.3207,0.3565,0.0358,10.0
7gPc6027rb8.mp4,105.7,231.62,0.032169,20,105,0.23,1.2075,0.2622,1.2075,0.9453,78.3
7qRIx5t31zo.mp4,30.0,150.01,0.020835,14,30,0.161,0.345,0.1818,0.345,0.1632,47.3
82-H6MZnT44.mp4,60.8,71.54,0.009936,36,60,0.414,0.69,0.4239,0.69,0.2661,38.6
7ZOKDqjqbX0.mp4,78.5,398.72,0.055378,54,78,0.621,0.897,0.6764,0.897,0.2206,24.6
8Bc0WjTT0Ps.mp4,32.0,30.69,0.004262,25,32,0.2875,0.368,0.2918,0.368,0.0762,20.7
8N9gSS_HRcE.mp4,39.9,23.73,0.003296,10,39,0.115,0.4485,0.1183,0.4485,0.3302,73.6
8-p0CxW87pg.mp4,76.0,116.3,0.016153,56,76,0.644,0.874,0.6602,0.874,0.2138,24.5
8QRs0ejxjEc.mp4,30.2,60.66,0.008425,14,30,0.161,0.345,0.1694,0.345,0.1756,50.9
8Ozc-h-29M0.mp4,60.7,79.7,0.01107,35,60,0.4025,0.69,0.4136,0.69,0.2764,40.1
83nS4EGKU04.mp4,30.6,128.6,0.017862,20,30,0.23,0.345,0.2479,0.345,0.0971,28.2
82n1PX1hVEY.mp4,90.6,140.53,0.019519,56,90,0.644,1.035,0.6635,1.035,0.3715,35.9
8iHEQxJXq9I.mp4,30.0,48.8,0.006778,9,30,0.1035,0.345,0.1103,0.345,0.2347,68.0
8Suu84khNGY.mp4,66.9,117.81,0.016363,21,66,0.2415,0.759,0.2579,0.759,0.5011,66.0
8j2wmtOrzy0.mp4,30.0,54.76,0.007606,17,30,0.1955,0.345,0.2031,0.345,0.1419,41.1
8nMOcw70RX8.mp4,15.1,27.75,0.003854,16,15,0.184,0.1725,0.1879,0.1725,-0.0154,-8.9
8nG_wVxO7EM.mp4,40.0,92.47,0.012842,13,40,0.1495,0.46,0.1623,0.46,0.2977,64.7
8pmw5CAc3rk.mp4,30.4,98.25,0.013646,13,30,0.1495,0.345,0.1631,0.345,0.1819,52.7
8uO5PAD_CYA.mp4,15.0,61.52,0.008544,6,15,0.069,0.1725,0.0775,0.1725,0.095,55.0
8zOgbkg6Akw.mp4,44.6,76.45,0.010618,28,44,0.322,0.506,0.3326,0.506,0.1734,34.3
8IkS1oXvhVM.mp4,87.0,345.83,0.048032,72,86,0.828,0.989,0.876,0.989,0.113,11.4
90fRlMQTdSs.mp4,30.5,96.59,0.013415,15,30,0.1725,0.345,0.1859,0.345,0.1591,46.1
913xrM9FYpI.mp4,31.1,44.13,0.006129,22,31,0.253,0.3565,0.2591,0.3565,0.0974,27.3
8Z9hWVZ_BiM.mp4,62.1,293.98,0.040831,55,62,0.6325,0.713,0.6733,0.713,0.0397,5.6
9NYu9STVm-I.mp4,30.0,45.17,0.006273,7,30,0.0805,0.345,0.0868,0.345,0.2582,74.8
9dxua41fAgo.mp4,15.0,35.37,0.004912,4,14,0.046,0.161,0.0509,0.161,0.1101,68.4
9go38MgZ4w8.mp4,53.2,40.41,0.005612,12,53,0.138,0.6095,0.1436,0.6095,0.4659,76.4
8sjUcp0UQI0.mp4,82.2,359.57,0.04994,24,82,0.276,0.943,0.3259,0.943,0.6171,65.4
9WoM2bHfr48.mp4,42.4,132.33,0.018379,12,42,0.138,0.483,0.1564,0.483,0.3266,67.6
9grrfloJCgc.mp4,60.1,103.82,0.014419,30,60,0.345,0.69,0.3594,0.69,0.3306,47.9
9u9tDUHwCio.mp4,15.0,37.69,0.005235,11,14,0.1265,0.161,0.1317,0.161,0.0293,18.2
99iAONlvpbw.mp4,111.2,230.48,0.032011,38,111,0.437,1.2765,0.469,1.2765,0.8075,63.3
8JAhnmtotIM.mp4,91.8,603.54,0.083825,48,91,0.552,1.0465,0.6358,1.0465,0.4107,39.2
9xGRii6IA1M.mp4,47.1,44.28,0.00615,27,47,0.3105,0.5405,0.3167,0.5405,0.2238,41.4
95QcBNJN984.mp4,80.6,294.55,0.04091,75,80,0.8625,0.92,0.9034,0.92,0.0166,1.8
A01uRcmyuWc.mp4,30.1,68.27,0.009482,19,30,0.2185,0.345,0.228,0.345,0.117,33.9
9n0w7F5hGYM.mp4,64.5,144.24,0.020033,21,64,0.2415,0.736,0.2615,0.736,0.4745,64.5
A5Rnnwk9jOA.mp4,30.0,49.02,0.006808,14,30,0.161,0.345,0.1678,0.345,0.1772,51.4
A1W6Ku5bJR4.mp4,30.2,127.48,0.017706,29,30,0.3335,0.345,0.3512,0.345,-0.0062,-1.8
AJYN5rdrZXo.mp4,16.2,66.72,0.009266,14,16,0.161,0.184,0.1703,0.184,0.0137,7.5
A2VOu1UQeMM.mp4,77.4,138.58,0.019247,33,77,0.3795,0.8855,0.3987,0.8855,0.4868,55.0
ALaqqMY2m0k.mp4,44.0,35.13,0.00488,17,44,0.1955,0.506,0.2004,0.506,0.3056,60.4
AK88MQWsYj8.mp4,66.1,111.81,0.01553,40,66,0.46,0.759,0.4755,0.759,0.2835,37.3
9Ac-PGCfxFE.mp4,96.2,490.09,0.068068,60,96,0.69,1.104,0.7581,1.104,0.3459,31.3
9ypxRGSrS-k.mp4,60.8,302.34,0.041991,44,60,0.506,0.69,0.548,0.69,0.142,20.6
AQ_XSHpIbZE.mp4,30.2,31.08,0.004317,26,30,0.299,0.345,0.3033,0.345,0.0417,12.1
AEMK1O0BDqA.mp4,115.2,239.39,0.033248,58,115,0.667,1.3225,0.7002,1.3225,0.6223,47.1
ASsZ-u9YV3c.mp4,30.0,62.14,0.00863,21,30,0.2415,0.345,0.2501,0.345,0.0949,27.5
AR-Iz1fts5M.mp4,90.8,87.87,0.012204,27,90,0.3105,1.035,0.3227,1.035,0.7123,68.8
AU1iq9rqYJ0.mp4,32.1,95.83,0.01331,10,32,0.115,0.368,0.1283,0.368,0.2397,65.1
9l2FeI5GMg0.mp4,93.7,501.92,0.069712,35,93,0.4025,1.0695,0.4722,1.0695,0.5973,55.8
AhlpVjZxutw.mp4,30.1,52.3,0.007264,19,30,0.2185,0.345,0.2258,0.345,0.1192,34.6
AZ56zUxpXes.mp4,55.0,103.32,0.014351,17,55,0.1955,0.6325,0.2099,0.6325,0.4226,66.8
ArTzPA5AsTg.mp4,25.6,42.19,0.00586,14,25,0.161,0.2875,0.1669,0.2875,0.1206,42.0
B-XHdkCsc5U.mp4,89.8,53.69,0.007457,11,89,0.1265,1.0235,0.134,1.0235,0.8895,86.9
Avsp_UJ3mrY.mp4,62.1,64.4,0.008944,15,62,0.1725,0.713,0.1814,0.713,0.5316,74.6
Ar7Fj1LzFp8.mp4,35.0,76.67,0.010649,21,35,0.2415,0.4025,0.2521,0.4025,0.1504,37.4
AhZo0QfFO9E.mp4,100.9,173.27,0.024065,43,100,0.4945,1.15,0.5186,1.15,0.6314,54.9
BGs8PDQmbLQ.mp4,15.0,46.41,0.006446,13,15,0.1495,0.1725,0.1559,0.1725,0.0166,9.6
B3NGN4t4hm4.mp4,60.5,68.47,0.009509,43,60,0.4945,0.69,0.504,0.69,0.186,27.0
ALD72k9ZuJk.mp4,60.0,363.17,0.050441,56,60,0.644,0.69,0.6944,0.69,-0.0044,-0.6
Ao0jaXRAarQ.mp4,60.0,206.98,0.028747,30,60,0.345,0.69,0.3737,0.69,0.3163,45.8
BJQfT9C5Adc.mp4,59.5,109.52,0.015211,19,59,0.2185,0.6785,0.2337,0.6785,0.4448,65.6
BVWXKziczM8.mp4,52.6,86.06,0.011953,18,52,0.207,0.598,0.219,0.598,0.379,63.4
BeougwoxuMg.mp4,70.9,73.7,0.010236,11,70,0.1265,0.805,0.1367,0.805,0.6683,83.0
BRMQ08cG4Xg.mp4,60.0,161.45,0.022424,51,60,0.5865,0.69,0.6089,0.69,0.0811,11.8
BSaBDtpts4c.mp4,87.8,175.19,0.024332,16,87,0.184,1.0005,0.2083,1.0005,0.7922,79.2
BntPVmeo7ro.mp4,34.1,48.27,0.006704,3,34,0.0345,0.391,0.0412,0.391,0.3498,89.5
Bdegk_3T2K0.mp4,56.9,173.05,0.024035,38,56,0.437,0.644,0.461,0.644,0.183,28.4
Bl6PZDkaT1I.mp4,30.0,95.84,0.01331,11,30,0.1265,0.345,0.1398,0.345,0.2052,59.5
BgZluCEBS6w.mp4,61.0,169.15,0.023492,34,61,0.391,0.7015,0.4145,0.7015,0.287,40.9
BhYnz0JQKUo.mp4,48.2,223.88,0.031094,26,48,0.299,0.552,0.3301,0.552,0.2219,40.2
BqS_gtuGPGQ.mp4,30.0,137.44,0.019089,15,30,0.1725,0.345,0.1916,0.345,0.1534,44.5
Bqfow_TmNh4.mp4,30.0,137.34,0.019075,23,30,0.2645,0.345,0.2836,0.345,0.0614,17.8
Bp4tUXc5wZo.mp4,60.0,142.65,0.019812,21,60,0.2415,0.69,0.2613,0.69,0.4287,62.1
Bw0KIjIfprU.mp4,15.0,52.76,0.007328,8,15,0.092,0.1725,0.0993,0.1725,0.0732,42.4
C7WeZbRbxwg.mp4,30.2,53.4,0.007417,4,30,0.046,0.345,0.0534,0.345,0.2916,84.5
Ao2PTDCiRxU.mp4,101.8,512.25,0.071145,87,101,1.0005,1.1615,1.0716,1.1615,0.0899,7.7
C6d4o6hxZOY.mp4,22.1,68.38,0.009497,24,22,0.276,0.253,0.2855,0.253,-0.0325,-12.8
Bh3b6M4g8BA.mp4,112.4,328.29,0.045596,12,112,0.138,1.288,0.1836,1.288,1.1044,85.7
CDuxXjaJwbI.mp4,35.6,49.96,0.006939,36,35,0.414,0.4025,0.4209,0.4025,-0.0184,-4.6
By0S8NpLPH4.mp4,30.8,153.2,0.021278,5,30,0.0575,0.345,0.0788,0.345,0.2662,77.2
BqjKUubsohs.mp4,85.6,284.82,0.039559,50,85,0.575,0.9775,0.6146,0.9775,0.3629,37.1
CLzi3okueM8.mp4,30.0,109.63,0.015226,13,30,0.1495,0.345,0.1647,0.345,0.1803,52.3
CNoivLvheUA.mp4,31.7,106.07,0.014732,14,31,0.161,0.3565,0.1757,0.3565,0.1808,50.7
CGb4s-Hix90.mp4,30.9,134.6,0.018694,28,30,0.322,0.345,0.3407,0.345,0.0043,1.2
CXO_zyozrHA.mp4,40.1,48.63,0.006755,35,40,0.4025,0.46,0.4093,0.46,0.0507,11.0
CXPgCq-EMk8.mp4,15.0,34.74,0.004826,11,15,0.1265,0.1725,0.1313,0.1725,0.0412,23.9
CD8wwepuGas.mp4,60.1,158.21,0.021974,18,60,0.207,0.69,0.229,0.69,0.461,66.8
Cclzg9ZiUG4.mp4,32.2,35.16,0.004883,20,32,0.23,0.368,0.2349,0.368,0.1331,36.2
CkF1rck0hIc.mp4,32.3,25.5,0.003541,9,32,0.1035,0.368,0.107,0.368,0.261,70.9
CgxYSbtp9JE.mp4,30.0,57.36,0.007967,8,30,0.092,0.345,0.1,0.345,0.245,71.0
Cu-qFrFMc_w.mp4,31.0,48.82,0.00678,22,31,0.253,0.3565,0.2598,0.3565,0.0967,27.1
Cx_5i5rWVE0.mp4,26.8,32.21,0.004474,15,26,0.1725,0.299,0.177,0.299,0.122,40.8
CjaChfeguhk.mp4,30.0,94.56,0.013133,20,30,0.23,0.345,0.2431,0.345,0.1019,29.5
Cs6A-FCUPdw.mp4,30.0,91.57,0.012717,20,30,0.23,0.345,0.2427,0.345,0.1023,29.6
D0cyg74awpI.mp4,30.0,31.43,0.004365,12,30,0.138,0.345,0.1424,0.345,0.2026,58.7
Clu36dt2y88.mp4,60.9,148.51,0.020627,21,60,0.2415,0.69,0.2621,0.69,0.4279,62.0
D3KsGTIeO7A.mp4,30.0,70.8,0.009833,13,30,0.1495,0.345,0.1593,0.345,0.1857,53.8
CdKcjxUib4Q.mp4,73.1,207.66,0.028842,48,73,0.552,0.8395,0.5808,0.8395,0.2587,30.8
D1leFabPbPw.mp4,30.0,107.57,0.01494,27,30,0.3105,0.345,0.3254,0.345,0.0196,5.7
DED1fp04298.mp4,30.1,37.19,0.005166,7,30,0.0805,0.345,0.0857,0.345,0.2593,75.2
D9_WzE28IwE.mp4,15.0,55.89,0.007763,14,15,0.161,0.1725,0.1688,0.1725,0.0037,2.2
Cqs2F-lpGrA.mp4,60.1,229.64,0.031895,36,60,0.414,0.69,0.4459,0.69,0.2441,35.4
DLGac1KQbsU.mp4,32.4,47.74,0.00663,31,32,0.3565,0.368,0.3631,0.368,0.0049,1.3
D3J7R6WBJJc.mp4,67.0,210.27,0.029203,15,67,0.1725,0.7705,0.2017,0.7705,0.5688,73.8
DXvW6i1U_uc.mp4,30.0,87.71,0.012181,19,30,0.2185,0.345,0.2307,0.345,0.1143,33.1
Dd_GSSQQGNY.mp4,30.1,76.58,0.010636,4,30,0.046,0.345,0.0566,0.345,0.2884,83.6
D_Uhig7L22c.mp4,30.0,82.83,0.011504,17,30,0.1955,0.345,0.207,0.345,0.138,40.0
D5H1A7-6E_U.mp4,103.8,235.74,0.032741,56,103,0.644,1.1845,0.6767,1.1845,0.5078,42.9
Dip_ThFvjKI.mp4,32.0,69.72,0.009683,18,32,0.207,0.368,0.2167,0.368,0.1513,41.1
DlB4hFTAxOo.mp4,67.9,74.45,0.010341,27,67,0.3105,0.7705,0.3208,0.7705,0.4497,58.4
Du1dnKppn-s.mp4,30.2,40.12,0.005572,6,30,0.069,0.345,0.0746,0.345,0.2704,78.4
DZRmcKX85so.mp4,45.7,208.73,0.02899,45,45,0.5175,0.5175,0.5465,0.5175,-0.029,-5.6
DhOIJBk7KaU.mp4,60.1,136.84,0.019005,35,60,0.4025,0.69,0.4215,0.69,0.2685,38.9
DvpKouRTCx0.mp4,31.1,71.56,0.009939,24,31,0.276,0.3565,0.2859,0.3565,0.0706,19.8
DyO-z_7Ip9c.mp4,29.8,23.02,0.003197,13,29,0.1495,0.3335,0.1527,0.3335,0.1808,54.2
E3h-T3KQNxU.mp4,27.4,19.89,0.002763,7,27,0.0805,0.3105,0.0833,0.3105,0.2272,73.2
DMA4o6zqw58.mp4,60.1,266.53,0.037018,45,60,0.5175,0.69,0.5545,0.69,0.1355,19.6
EC9j6Wfdq3o.mp4,30.9,23.37,0.003246,9,30,0.1035,0.345,0.1067,0.345,0.2383,69.1
E7QpcewlSqI.mp4,30.9,38.83,0.005394,12,30,0.138,0.345,0.1434,0.345,0.2016,58.4
E4_ygnUilm4.mp4,33.5,44.01,0.006113,27,33,0.3105,0.3795,0.3166,0.3795,0.0629,16.6
DyMtcblMXfM.mp4,66.2,111.95,0.015549,37,66,0.4255,0.759,0.441,0.759,0.318,41.9
DwhTYFwfACA.mp4,27.7,140.03,0.019448,22,27,0.253,0.3105,0.2724,0.3105,0.0381,12.3
EJxibzQfeBA.mp4,20.0,58.29,0.008096,9,20,0.1035,0.23,0.1116,0.23,0.1184,51.5
DkJ2tyCzyiA.mp4,107.9,254.51,0.035349,100,107,1.15,1.2305,1.1853,1.2305,0.0452,3.7
EOyQfd7OqIY.mp4,29.9,63.47,0.008816,20,29,0.23,0.3335,0.2388,0.3335,0.0947,28.4
EJtZiGb5nEU.mp4,55.2,134.21,0.018641,22,55,0.253,0.6325,0.2716,0.6325,0.3609,57.1
EQobIUE1zTU.mp4,61.7,74.56,0.010355,19,61,0.2185,0.7015,0.2289,0.7015,0.4726,67.4
EIv10asX7cc.mp4,48.9,161.13,0.022379,21,48,0.2415,0.552,0.2639,0.552,0.2881,52.2
EQtwo0xPvK4.mp4,32.1,30.93,0.004296,22,32,0.253,0.368,0.2573,0.368,0.1107,30.1
EZ5MxR80uYw.mp4,15.1,26.33,0.003658,13,15,0.1495,0.1725,0.1532,0.1725,0.0193,11.2
E3pMBPFUPFM.mp4,74.6,205.02,0.028475,16,74,0.184,0.851,0.2125,0.851,0.6385,75.0
EbnWbdR9wSY.mp4,34.1,44.75,0.006215,15,34,0.1725,0.391,0.1787,0.391,0.2123,54.3
ENau7AkayN8.mp4,62.5,175.99,0.024444,14,62,0.161,0.713,0.1854,0.713,0.5276,74.0
EgmNEgIFBTQ.mp4,30.0,55.83,0.007754,21,30,0.2415,0.345,0.2493,0.345,0.0957,27.8
EzW4d4QknOs.mp4,30.0,41.87,0.005815,10,30,0.115,0.345,0.1208,0.345,0.2242,65.0
Ed3vswxJKgI.mp4,61.4,132.1,0.018348,32,61,0.368,0.7015,0.3863,0.7015,0.3152,44.9
F0ZSXQCXX1A.mp4,37.0,29.87,0.004149,9,37,0.1035,0.4255,0.1076,0.4255,0.3179,74.7
Es_uivijpek.mp4,45.3,127.53,0.017712,35,45,0.4025,0.5175,0.4202,0.5175,0.0973,18.8
EkcRPhF2gO0.mp4,60.0,163.55,0.022715,52,59,0.598,0.6785,0.6207,0.6785,0.0578,8.5
Ei6JvK0W60I.mp4,79.4,177.86,0.024703,29,79,0.3335,0.9085,0.3582,0.9085,0.5503,60.6
F-z_WSTjr7c.mp4,30.6,128.39,0.017831,38,30,0.437,0.345,0.4548,0.345,-0.1098,-31.8
Evnaic2jP7E.mp4,114.6,159.42,0.022142,36,114,0.414,1.311,0.4361,1.311,0.8749,66.7
BtKw7V7hGok.mp4,114.3,1184.8,0.164556,74,114,0.851,1.311,1.0156,1.311,0.2954,22.5
F7hwvWIK1eM.mp4,30.1,65.05,0.009035,24,30,0.276,0.345,0.285,0.345,0.06,17.4
FCOlOcMk8XI.mp4,15.0,65.29,0.009068,10,15,0.115,0.1725,0.1241,0.1725,0.0484,28.1
FFsL8JBVWm4.mp4,32.6,52.08,0.007233,10,32,0.115,0.368,0.1222,0.368,0.2458,66.8
FEMAEdYryJ4.mp4,30.0,99.21,0.013779,8,30,0.092,0.345,0.1058,0.345,0.2392,69.3
F_M7zOew2Pc.mp4,50.0,45.54,0.006324,32,50,0.368,0.575,0.3743,0.575,0.2007,34.9
FcVno8saeZY.mp4,30.2,37.93,0.005267,11,30,0.1265,0.345,0.1318,0.345,0.2132,61.8
FZA37-7bw6o.mp4,14.9,68.06,0.009453,15,14,0.1725,0.161,0.182,0.161,-0.021,-13.0
FHDKHKixKdY.mp4,62.2,104.11,0.01446,38,62,0.437,0.713,0.4515,0.713,0.2615,36.7
FhfcdqMTtU4.mp4,30.8,33.3,0.004625,10,30,0.115,0.345,0.1196,0.345,0.2254,65.3
FhjX5ld3_v0.mp4,36.4,70.59,0.009804,26,36,0.299,0.414,0.3088,0.414,0.1052,25.4
F02kgBHjBms.mp4,60.2,278.42,0.03867,59,60,0.6785,0.69,0.7172,0.69,-0.0272,-3.9
FVuNTiqHys0.mp4,74.3,166.55,0.023132,14,74,0.161,0.851,0.1841,0.851,0.6669,78.4
FivFaqZrr4A.mp4,113.1,155.93,0.021657,26,113,0.299,1.2995,0.3207,1.2995,0.9788,75.3
FtnESCiZRnw.mp4,29.9,65.98,0.009163,10,29,0.115,0.3335,0.1242,0.3335,0.2093,62.8
FxZNhjkMtFE.mp4,30.0,70.3,0.009764,9,29,0.1035,0.3335,0.1133,0.3335,0.2202,66.0
G01psD8GU-M.mp4,31.5,29.04,0.004034,7,31,0.0805,0.3565,0.0845,0.3565,0.272,76.3
FVsgso273EE.mp4,60.0,281.03,0.039032,57,60,0.6555,0.69,0.6945,0.69,-0.0045,-0.7
Fr6FklMc6B0.mp4,69.4,149.64,0.020783,36,69,0.414,0.7935,0.4348,0.7935,0.3587,45.2
G2wBnjtmmg8.mp4,44.0,27.11,0.003765,10,44,0.115,0.506,0.1188,0.506,0.3872,76.5
FsofrMY5kbo.mp4,116.8,164.42,0.022836,47,116,0.5405,1.334,0.5633,1.334,0.7707,57.8
G9ZvxYcPJk8.mp4,30.1,44.92,0.006238,4,30,0.046,0.345,0.0522,0.345,0.2928,84.9
GF1RZ2A1cq4.mp4,32.5,42.24,0.005866,17,32,0.1955,0.368,0.2014,0.368,0.1666,45.3
GINmvzOpfvc.mp4,14.9,26.62,0.003697,6,14,0.069,0.161,0.0727,0.161,0.0883,54.8
GM2C0fiZcp8.mp4,30.6,27.79,0.00386,10,30,0.115,0.345,0.1189,0.345,0.2261,65.5
GMovhjpIegg.mp4,31.0,66.87,0.009287,14,31,0.161,0.3565,0.1703,0.3565,0.1862,52.2
FqvLcVBOhP4.mp4,90.2,301.79,0.041915,45,90,0.5175,1.035,0.5594,1.035,0.4756,46.0
GOhbZZy02lQ.mp4,15.0,63.89,0.008873,12,15,0.138,0.1725,0.1469,0.1725,0.0256,14.9
GI4QhYrDQjQ.mp4,37.0,104.76,0.01455,24,37,0.276,0.4255,0.2906,0.4255,0.1349,31.7
GRKQJQIcn5o.mp4,24.5,58.14,0.008075,10,24,0.115,0.276,0.1231,0.276,0.1529,55.4
G1kkx2m-JSg.mp4,91.7,152.69,0.021206,11,91,0.1265,1.0465,0.1477,1.0465,0.8988,85.9
Gw_a4iutD1Q.mp4,94.1,49.28,0.006845,14,94,0.161,1.081,0.1678,1.081,0.9132,84.5
GcVF5wR0kUw.mp4,15.0,59.91,0.00832,6,15,0.069,0.1725,0.0773,0.1725,0.0952,55.2
Gn18qz-iVJI.mp4,30.0,64.1,0.008903,17,30,0.1955,0.345,0.2044,0.345,0.1406,40.8
GqnjzONrPiA.mp4,42.8,62.92,0.008738,12,42,0.138,0.483,0.1467,0.483,0.3363,69.6
Gz-sC-vSIXk.mp4,39.9,16.49,0.002291,1,39,0.0115,0.4485,0.0138,0.4485,0.4347,96.9
G9wSAb_EbkA.mp4,106.6,191.26,0.026564,42,106,0.483,1.219,0.5096,1.219,0.7094,58.2
GzmuQehRy3A.mp4,42.1,64.15,0.008909,6,42,0.069,0.483,0.0779,0.483,0.4051,83.9
GgiDBuBxl6w.mp4,60.1,122.98,0.01708,25,60,0.2875,0.69,0.3046,0.69,0.3854,55.9
HEb04FxT0sg.mp4,15.0,49.05,0.006813,10,15,0.115,0.1725,0.1218,0.1725,0.0507,29.4
HAmI1MJECZ4.mp4,40.2,63.5,0.008819,25,40,0.2875,0.46,0.2963,0.46,0.1637,35.6
HHA0HRjDgc8.mp4,34.2,22.86,0.003175,6,34,0.069,0.391,0.0722,0.391,0.3188,81.5
HAZ-wyCu8uE.mp4,61.3,83.75,0.011632,14,61,0.161,0.7015,0.1726,0.7015,0.5289,75.4
HJxkAcj9TKM.mp4,30.0,45.55,0.006326,16,30,0.184,0.345,0.1903,0.345,0.1547,44.8
HKV0QuQsonk.mp4,47.1,37.0,0.005139,30,47,0.345,0.5405,0.3501,0.5405,0.1904,35.2
GURvHJNmGrc.mp4,71.0,193.38,0.026859,54,71,0.621,0.8165,0.6479,0.8165,0.1686,20.7
HOYnOeo42ko.mp4,31.2,26.94,0.003741,3,31,0.0345,0.3565,0.0382,0.3565,0.3183,89.3
HQQs3nl0LcY.mp4,41.8,23.9,0.00332,17,41,0.1955,0.4715,0.1988,0.4715,0.2727,57.8
HK958YS_YNA.mp4,30.0,70.94,0.009853,8,29,0.092,0.3335,0.1019,0.3335,0.2316,69.5
HNbyvCB3ncI.mp4,30.1,68.27,0.009482,10,30,0.115,0.345,0.1245,0.345,0.2205,63.9
H6JzeAHCd98.mp4,88.6,169.3,0.023514,46,88,0.529,1.012,0.5525,1.012,0.4595,45.4
H_WSu29W1CQ.mp4,30.1,47.73,0.006629,10,30,0.115,0.345,0.1216,0.345,0.2234,64.7
HT666XwJR2s.mp4,60.3,66.99,0.009305,37,60,0.4255,0.69,0.4348,0.69,0.2552,37.0
HgwvNhQ_YzQ.mp4,15.0,46.91,0.006516,17,15,0.1955,0.1725,0.202,0.1725,-0.0295,-17.1
HG8tqEUTlvs.mp4,62.1,164.98,0.022913,53,62,0.6095,0.713,0.6324,0.713,0.0806,11.3
HaYFeUhyQ9M.mp4,30.1,84.88,0.011789,22,30,0.253,0.345,0.2648,0.345,0.0802,23.2
Fj7kFvk-T7g.mp4,90.0,610.12,0.084738,83,90,0.9545,1.035,1.0392,1.035,-0.0042,-0.4
HnL-7x4n4d8.mp4,22.0,27.73,0.003851,14,22,0.161,0.253,0.1649,0.253,0.0881,34.8
HbTs3TLo414.mp4,90.0,87.95,0.012216,43,90,0.4945,1.035,0.5067,1.035,0.5283,51.0
HpoEk8nlUyA.mp4,17.0,45.0,0.006249,6,17,0.069,0.1955,0.0752,0.1955,0.1203,61.5
HjKRxa7ZyMs.mp4,40.7,88.35,0.012271,24,40,0.276,0.46,0.2883,0.46,0.1717,37.3
Hs3Y5jQkuAk.mp4,30.1,51.82,0.007198,22,30,0.253,0.345,0.2602,0.345,0.0848,24.6
HRu7W935dyk.mp4,97.4,177.33,0.02463,17,97,0.1955,1.1155,0.2201,1.1155,0.8954,80.3
HypgcCT1r68.mp4,62.0,29.69,0.004124,11,62,0.1265,0.713,0.1306,0.713,0.5824,81.7
Hr-4Aln1Il8.mp4,37.6,101.26,0.014064,22,37,0.253,0.4255,0.2671,0.4255,0.1584,37.2
Hsufiso4mLo.mp4,70.6,92.17,0.012801,63,70,0.7245,0.805,0.7373,0.805,0.0677,8.4
HtYOm59fys8.mp4,30.0,81.87,0.01137,27,30,0.3105,0.345,0.3219,0.345,0.0231,6.7
I0dq4sTLcIc.mp4,15.1,51.74,0.007187,13,15,0.1495,0.1725,0.1567,0.1725,0.0158,9.2
I0ZqXv8KsJc.mp4,62.0,87.74,0.012186,32,62,0.368,0.713,0.3802,0.713,0.3328,46.7
I4kNl7cQdcU.mp4,61.3,98.19,0.013637,20,61,0.23,0.7015,0.2436,0.7015,0.4579,65.3
Hqhn3eiNTr0.mp4,80.1,207.56,0.028828,41,80,0.4715,0.92,0.5003,0.92,0.4197,45.6
I6COwgigJ-g.mp4,114.2,83.24,0.011561,12,114,0.138,1.311,0.1496,1.311,1.1614,88.6
IDAr48u3BB0.mp4,49.3,63.48,0.008817,25,49,0.2875,0.5635,0.2963,0.5635,0.2672,47.4
Hi2RE2Em6Cw.mp4,44.6,267.45,0.037146,51,44,0.5865,0.506,0.6236,0.506,-0.1176,-23.3
Hzgzim5m7oU.mp4,107.1,180.37,0.025051,44,107,0.506,1.2305,0.5311,1.2305,0.6994,56.8
IT_MbDpfOBE.mp4,15.0,45.07,0.006259,16,15,0.184,0.1725,0.1903,0.1725,-0.0178,-10.3
IZrrEBD-KjY.mp4,30.0,100.92,0.014017,16,30,0.184,0.345,0.198,0.345,0.147,42.6
I_WGI3y2jqM.mp4,72.3,89.55,0.012437,37,72,0.4255,0.828,0.4379,0.828,0.3901,47.1
IqlrxA2Atdg.mp4,30.0,74.22,0.010308,22,29,0.253,0.3335,0.2633,0.3335,0.0702,21.0
IhdJkFH7K38.mp4,30.0,102.8,0.014278,21,30,0.2415,0.345,0.2558,0.345,0.0892,25.9
Iyf5b3uglUc.mp4,17.0,30.37,0.004218,10,16,0.115,0.184,0.1192,0.184,0.0648,35.2
ItX7H66gsrQ.mp4,30.1,47.12,0.006544,15,30,0.1725,0.345,0.179,0.345,0.166,48.1
IOqTCaziZp0.mp4,60.1,174.5,0.024236,62,60,0.713,0.69,0.7372,0.69,-0.0472,-6.8
ITyeI3YyYw8.mp4,104.2,174.88,0.024289,25,104,0.2875,1.196,0.3118,1.196,0.8842,73.9
J3POpdFlxWE.mp4,32.6,34.67,0.004816,19,32,0.2185,0.368,0.2233,0.368,0.1447,39.3
J7QKeV2-ghk.mp4,15.1,34.5,0.004792,6,15,0.069,0.1725,0.0738,0.1725,0.0987,57.2
J-QipXhQM5M.mp4,30.0,63.99,0.008888,20,30,0.23,0.345,0.2389,0.345,0.1061,30.8
J2pIvg-2vEY.mp4,30.1,62.45,0.008674,30,30,0.345,0.345,0.3537,0.345,-0.0087,-2.5
JdN1t1lMVxU.mp4,17.0,35.19,0.004887,4,17,0.046,0.1955,0.0509,0.1955,0.1446,74.0
JDk3GQkTyN4.mp4,75.0,89.7,0.012458,34,75,0.391,0.8625,0.4035,0.8625,0.459,53.2
JYu3LjgnT9s.mp4,20.0,59.86,0.008314,17,20,0.1955,0.23,0.2038,0.23,0.0262,11.4
HyRMsv3aEkM.mp4,97.7,453.19,0.062943,49,97,0.5635,1.1155,0.6264,1.1155,0.4891,43.8
IDumJG4RXt8.mp4,100.4,338.43,0.047005,42,100,0.483,1.15,0.53,1.15,0.62,53.9
JiOZ4Bz2d-Q.mp4,81.4,57.92,0.008045,23,81,0.2645,0.9315,0.2725,0.9315,0.659,70.7
JOOfRE4m7PE.mp4,72.1,122.21,0.016973,59,72,0.6785,0.828,0.6955,0.828,0.1325,16.0
JOJ01KXTw-A.mp4,61.1,144.37,0.020051,30,61,0.345,0.7015,0.3651,0.7015,0.3364,48.0
JnP2bVBZ9O8.mp4,40.4,77.3,0.010737,17,40,0.1955,0.46,0.2062,0.46,0.2538,55.2
Jy36yeOO4ts.mp4,15.1,48.56,0.006745,11,15,0.1265,0.1725,0.1332,0.1725,0.0393,22.8
Jr4gOCh_4Pw.mp4,30.0,56.78,0.007887,10,30,0.115,0.345,0.1229,0.345,0.2221,64.4
JkBNmBQb5qY.mp4,65.1,113.49,0.015762,27,65,0.3105,0.7475,0.3263,0.7475,0.4212,56.4
K8ddz3Bu4KI.mp4,65.8,37.28,0.005178,24,65,0.276,0.7475,0.2812,0.7475,0.4663,62.4
KDuLZeVfYcg.mp4,31.0,24.29,0.003374,9,31,0.1035,0.3565,0.1069,0.3565,0.2496,70.0
K783SDTBKmg.mp4,30.3,98.96,0.013744,22,30,0.253,0.345,0.2667,0.345,0.0783,22.7
IvNkGm8mxiM.mp4,110.2,352.99,0.049026,70,110,0.805,1.265,0.854,1.265,0.411,32.5
Jtakqt3Jygk.mp4,60.0,164.76,0.022883,38,59,0.437,0.6785,0.4599,0.6785,0.2186,32.2
KShkhIXdf1Y.mp4,30.2,46.47,0.006454,17,30,0.1955,0.345,0.202,0.345,0.143,41.5
KGr_KFiCX4s.mp4,102.2,135.75,0.018854,33,102,0.3795,1.173,0.3984,1.173,0.7746,66.0
KT_155-ROy0.mp4,78.3,48.75,0.006771,39,78,0.4485,0.897,0.4553,0.897,0.4417,49.2
KKKOpKvk9Ok.mp4,66.5,141.73,0.019685,22,66,0.253,0.759,0.2727,0.759,0.4863,64.1
KE9bc5KskM8.mp4,92.2,181.12,0.025156,30,92,0.345,1.058,0.3702,1.058,0.6878,65.0
KbmJLVrFvuc.mp4,30.0,43.68,0.006066,9,29,0.1035,0.3335,0.1096,0.3335,0.2239,67.1
KQCbke3pps8.mp4,50.4,125.48,0.017428,48,50,0.552,0.575,0.5694,0.575,0.0056,1.0
KjpVMX3wcJQ.mp4,35.2,47.07,0.006537,20,35,0.23,0.4025,0.2365,0.4025,0.166,41.2
KZMYWAW-5Js.mp4,40.9,110.95,0.015409,5,40,0.0575,0.46,0.0729,0.46,0.3871,84.2
JndtG8Y7yfw.mp4,119.8,329.97,0.045829,79,119,0.9085,1.3685,0.9543,1.3685,0.4142,30.3
KaxwXegbgug.mp4,70.4,105.41,0.014641,10,70,0.115,0.805,0.1296,0.805,0.6754,83.9
Kk6Bi23Q7-E.mp4,58.8,59.27,0.008232,29,58,0.3335,0.667,0.3417,0.667,0.3253,48.8
KsdD1MJXOpk.mp4,73.4,86.97,0.012079,5,73,0.0575,0.8395,0.0696,0.8395,0.7699,91.7
KuNcSp2T4Lw.mp4,39.5,53.89,0.007484,10,39,0.115,0.4485,0.1225,0.4485,0.326,72.7
KtkfE_OWSzo.mp4,42.0,88.33,0.012268,14,42,0.161,0.483,0.1733,0.483,0.3097,64.1
KY82nmR7U4o.mp4,65.1,186.95,0.025966,57,65,0.6555,0.7475,0.6815,0.7475,0.066,8.8
KyiV12WdJew.mp4,42.1,53.94,0.007491,24,42,0.276,0.483,0.2835,0.483,0.1995,41.3
L7bHdo2DJHY.mp4,11.9,26.55,0.003688,4,11,0.046,0.1265,0.0497,0.1265,0.0768,60.7
L0KmvWL6Dfw.mp4,32.0,70.66,0.009814,18,32,0.207,0.368,0.2168,0.368,0.1512,41.1
Kx48dmDB28U.mp4,60.1,111.37,0.015468,19,60,0.2185,0.69,0.234,0.69,0.456,66.1
L4mP9pR-mzU.mp4,30.0,70.68,0.009817,14,29,0.161,0.3335,0.1708,0.3335,0.1627,48.8
LD1NnIZocrM.mp4,15.5,59.43,0.008255,14,15,0.161,0.1725,0.1693,0.1725,0.0032,1.9
LLrTPrp-fW8.mp4,30.8,35.9,0.004986,9,30,0.1035,0.345,0.1085,0.345,0.2365,68.6
LEc-35QNaoM.mp4,30.1,80.82,0.011225,15,30,0.1725,0.345,0.1837,0.345,0.1613,46.7
KObDkEBwuTc.mp4,89.3,378.51,0.05257,52,89,0.598,1.0235,0.6506,1.0235,0.3729,36.4
LPa_NGIIn0c.mp4,58.2,62.23,0.008643,25,58,0.2875,0.667,0.2961,0.667,0.3709,55.6
L4t-fCKQCP4.mp4,60.0,130.01,0.018057,39,60,0.4485,0.69,0.4666,0.69,0.2234,32.4
LUOJSnR9z3k.mp4,31.0,19.48,0.002706,6,31,0.069,0.3565,0.0717,0.3565,0.2848,79.9
LI3KRcGEkZg.mp4,60.0,124.57,0.017302,30,60,0.345,0.69,0.3623,0.69,0.3277,47.5
LhGJvGhIzaw.mp4,29.3,45.13,0.006268,14,29,0.161,0.3335,0.1673,0.3335,0.1662,49.8
LlZz3WNbOkw.mp4,30.0,77.56,0.010773,15,30,0.1725,0.345,0.1833,0.345,0.1617,46.9
LRgqD7JgF-U.mp4,84.3,162.18,0.022525,19,84,0.2185,0.966,0.241,0.966,0.725,75.0
LQqyDj7RX6Y.mp4,60.1,226.2,0.031417,19,60,0.2185,0.69,0.2499,0.69,0.4401,63.8
Lgitw016T44.mp4,60.0,164.18,0.022803,55,60,0.6325,0.69,0.6553,0.69,0.0347,5.0
LpjojQea7Lw.mp4,30.0,46.9,0.006514,20,30,0.23,0.345,0.2365,0.345,0.1085,31.4
LVrQmgihkQI.mp4,85.5,205.62,0.028558,54,85,0.621,0.9775,0.6496,0.9775,0.3279,33.5
M-XIMtd8ilM.mp4,15.0,37.1,0.005153,9,15,0.1035,0.1725,0.1087,0.1725,0.0638,37.0
LxK743gc0PI.mp4,30.0,68.7,0.009542,18,30,0.207,0.345,0.2165,0.345,0.1285,37.2
M4dTKckmLwE.mp4,29.8,34.71,0.004821,11,29,0.1265,0.3335,0.1313,0.3335,0.2022,60.6
LjBIJGMum9A.mp4,70.1,186.56,0.025912,35,70,0.4025,0.805,0.4284,0.805,0.3766,46.8
M7cUYVviK50.mp4,30.1,34.12,0.004739,20,30,0.23,0.345,0.2347,0.345,0.1103,32.0
LfdiClhlLZk.mp4,100.0,249.86,0.034702,46,100,0.529,1.15,0.5637,1.15,0.5863,51.0
ML160wA9mME.mp4,31.1,54.75,0.007604,12,31,0.138,0.3565,0.1456,0.3565,0.2109,59.2
